Fan,OBJECTID,Distance,Elevation,Channel
Abrisham,1,0.1,710.9786,
Abrisham,2,0.2,711.0229,
Abrisham,3,0.3,711.0269,
Abrisham,4,0.4,710.9097,
Abrisham,5,0.5,710.6065,
Abrisham,6,0.6,710.6263,
Abrisham,7,0.7,710.6217,
Abrisham,8,0.8,710.7535,
Abrisham,9,0.9,710.7043,
Abrisham,10,1,710.7249,
Abrisham,11,1.1,710.6455,
Abrisham,12,1.2,710.5329,
Abrisham,13,1.3,710.6953,
Abrisham,14,1.4,710.8513,
Abrisham,15,1.5,710.7247,
Abrisham,16,1.6,710.5259,
Abrisham,17,1.7,710.6269,
Abrisham,18,1.8,710.6721,
Abrisham,19,1.9,710.0799,
Abrisham,20,2,710.451,
Abrisham,21,2.1,710.4537,
Abrisham,22,2.2,710.5476,
Abrisham,23,2.3,710.1237,
Abrisham,24,2.4,710.3604,
Abrisham,25,2.5,710.5023,
Abrisham,26,2.6,710.6814,
Abrisham,27,2.7,710.3351,
Abrisham,28,2.8,710.3196,
Abrisham,29,2.9,710.3256,
Abrisham,30,3,710.2714,
Abrisham,31,3.1,710.0772,
Abrisham,32,3.2,710.6675,
Abrisham,33,3.3,710.3049,
Abrisham,34,3.4,710.6904,
Abrisham,35,3.5,710.6648,
Abrisham,36,3.6,711.0151,
Abrisham,37,3.7,710.6021,
Abrisham,38,3.8,710.7103,
Abrisham,39,3.9,710.5441,
Abrisham,40,4,710.5153,
Abrisham,41,4.1,710.4323,
Abrisham,42,4.2,710.5704,
Abrisham,43,4.3,711.1399,
Abrisham,44,4.4,710.3,
Abrisham,45,4.5,710.2762,
Abrisham,46,4.6,710.1952,
Abrisham,47,4.7,709.9908,
Abrisham,48,4.8,711.5843,
Abrisham,49,4.9,710.6389,
Abrisham,50,5,709.7955,
Abrisham,51,5.1,710.7752,
Abrisham,52,5.2,710.2779,
Abrisham,53,5.3,710.8657,
Abrisham,54,5.4,710.5511,
Abrisham,55,5.5,710.4208,
Abrisham,56,5.6,710.7119,
Abrisham,57,5.7,711.0755,
Abrisham,58,5.8,710.9009,
Abrisham,59,5.9,710.93,
Abrisham,60,6,710.5367,
Abrisham,61,6.1,710.8959,
Abrisham,62,6.2,710.8775,
Abrisham,63,6.3,711.3928,
Abrisham,64,6.4,710.5903,
Abrisham,65,6.5,711.1863,
Abrisham,66,6.6,711.1149,
Abrisham,67,6.7,710.9982,
Abrisham,68,6.8,711.1257,
Abrisham,69,6.9,711.0283,
Abrisham,70,7,710.9906,
Abrisham,71,7.1,711.1348,
Abrisham,72,7.2,711.0152,
Abrisham,73,7.3,711.2045,
Abrisham,74,7.4,711.3729,
Abrisham,75,7.5,711.4122,
Abrisham,76,7.6,711.3784,
Abrisham,77,7.7,711.3558,
Abrisham,78,7.8,711.4799,
Abrisham,79,7.9,711.5449,
Abrisham,80,8,711.674,
Abrisham,81,8.1,711.6572,
Abrisham,82,8.2,711.8577,
Abrisham,83,8.3,711.8278,
Abrisham,84,8.4,711.7886,
Abrisham,85,8.5,712.1899,
Abrisham,86,8.6,711.9236,
Abrisham,87,8.7,712.0513,
Abrisham,88,8.8,712.1356,
Abrisham,89,8.9,712.4114,
Abrisham,90,9,711.98,
Abrisham,91,9.1,712.3159,
Abrisham,92,9.2,712.3212,
Abrisham,93,9.3,712.4858,
Abrisham,94,9.4,712.491,
Abrisham,95,9.5,712.4356,
Abrisham,96,9.6,712.5186,
Abrisham,97,9.7,712.7663,
Abrisham,98,9.8,712.7409,
Abrisham,99,9.9,712.8219,
Abrisham,100,10,712.9089,
Abrisham,101,10.1,713.3216,
Abrisham,102,10.2,713.1725,
Abrisham,103,10.3,713.2462,
Abrisham,104,10.4,713.6423,
Abrisham,105,10.5,713.4731,
Abrisham,106,10.6,713.595,
Abrisham,107,10.7,713.6262,
Abrisham,108,10.8,713.4745,
Abrisham,109,10.9,713.5247,
Abrisham,110,11,713.7513,
Abrisham,111,11.1,713.5872,
Abrisham,112,11.2,713.7632,
Abrisham,113,11.3,713.6785,
Abrisham,114,11.4,713.7873,
Abrisham,115,11.5,713.7927,
Abrisham,116,11.6,713.9644,
Abrisham,117,11.7,713.8646,
Abrisham,118,11.8,714.0613,
Abrisham,119,11.9,714.191,
Abrisham,120,12,714.1573,
Abrisham,121,12.1,714.1417,
Abrisham,122,12.2,714.3116,
Abrisham,123,12.3,714.1603,
Abrisham,124,12.4,714.1756,
Abrisham,125,12.5,714.3962,
Abrisham,126,12.6,714.2741,
Abrisham,127,12.7,714.6039,
Abrisham,128,12.8,714.4401,
Abrisham,129,12.9,714.6536,
Abrisham,130,13,714.8064,
Abrisham,131,13.1,714.7492,
Abrisham,132,13.2,714.4893,
Abrisham,133,13.3,714.4086,
Abrisham,134,13.4,714.7302,
Abrisham,135,13.5,714.6888,
Abrisham,136,13.6,714.9141,
Abrisham,137,13.7,714.7574,
Abrisham,138,13.8,715.0486,
Abrisham,139,13.9,714.9644,
Abrisham,140,14,714.967,
Abrisham,141,14.1,714.9528,
Abrisham,142,14.2,714.9806,
Abrisham,143,14.3,714.9232,
Abrisham,144,14.4,715.0783,
Abrisham,145,14.5,715.1704,
Abrisham,146,14.6,715.1793,
Abrisham,147,14.7,715.1376,
Abrisham,148,14.8,715.2727,
Abrisham,149,14.9,715.7336,
Abrisham,150,15,715.437,
Abrisham,151,15.1,715.5727,
Abrisham,152,15.2,715.675,
Abrisham,153,15.3,715.8394,
Abrisham,154,15.4,715.4988,
Abrisham,155,15.5,715.5462,
Abrisham,156,15.6,715.5615,
Abrisham,157,15.7,715.473,
Abrisham,158,15.8,715.2628,
Abrisham,159,15.9,715.4087,
Abrisham,160,16,715.2881,
Abrisham,161,16.1,715.0878,
Abrisham,162,16.2,715.2053,
Abrisham,163,16.3,715.512,
Abrisham,164,16.4,715.2843,
Abrisham,165,16.5,715.3363,
Abrisham,166,16.6,715.402,
Abrisham,167,16.7,715.3896,
Abrisham,168,16.8,715.3152,
Abrisham,169,16.9,715.3772,
Abrisham,170,17,715.6783,
Abrisham,171,17.1,715.6854,
Abrisham,172,17.2,715.6292,
Abrisham,173,17.3,715.6215,
Abrisham,174,17.4,715.5907,
Abrisham,175,17.5,715.7779,
Abrisham,176,17.6,715.3542,
Abrisham,177,17.7,715.61,
Abrisham,178,17.8,715.718,
Abrisham,179,17.9,715.7654,
Abrisham,180,18,715.8232,
Abrisham,181,18.1,715.4522,
Abrisham,182,18.2,715.5186,
Abrisham,183,18.3,715.6394,
Abrisham,184,18.4,715.5532,
Abrisham,185,18.5,715.5881,
Abrisham,186,18.6,715.4642,
Abrisham,187,18.7,715.4862,
Abrisham,188,18.8,715.726,
Abrisham,189,18.9,715.7381,
Abrisham,190,19,715.5673,
Abrisham,191,19.1,715.5295,
Abrisham,192,19.2,715.6453,
Abrisham,193,19.3,715.7072,
Abrisham,194,19.4,715.5494,
Abrisham,195,19.5,715.6726,
Abrisham,196,19.6,715.465,
Abrisham,197,19.7,715.6926,
Abrisham,198,19.8,715.973,
Abrisham,199,19.9,714.7523,
Abrisham,200,20,715.4269,Channel
Abrisham,201,20.1,715.4449,
Abrisham,202,20.2,715.3064,
Abrisham,203,20.3,715.4456,
Abrisham,204,20.4,715.2338,
Abrisham,205,20.5,715.3881,
Abrisham,206,20.6,715.2165,
Abrisham,207,20.7,715.3566,
Abrisham,208,20.8,715.3891,
Abrisham,209,20.9,715.2697,
Abrisham,210,21,715.4634,
Abrisham,211,21.1,715.3762,
Abrisham,212,21.2,715.37,
Abrisham,213,21.3,715.4149,
Abrisham,214,21.4,715.2756,
Abrisham,215,21.5,715.3268,
Abrisham,216,21.6,715.4755,
Abrisham,217,21.7,715.0539,
Abrisham,218,21.8,715.244,
Abrisham,219,21.9,715.3251,
Abrisham,220,22,714.8577,
Abrisham,221,22.1,715.5092,
Abrisham,222,22.2,715.3184,
Abrisham,223,22.3,715.3314,
Abrisham,224,22.4,715.7547,
Abrisham,225,22.5,715.251,
Abrisham,226,22.6,715.5167,
Abrisham,227,22.7,715.4309,
Abrisham,228,22.8,715.4645,
Abrisham,229,22.9,715.4244,
Abrisham,230,23,715.5374,
Abrisham,231,23.1,715.6846,
Abrisham,232,23.2,715.765,
Abrisham,233,23.3,715.6043,
Abrisham,234,23.4,715.5994,
Abrisham,235,23.5,715.2917,
Abrisham,236,23.6,715.3837,
Abrisham,237,23.7,715.2999,
Abrisham,238,23.8,715.1607,
Abrisham,239,23.9,715.1196,
Abrisham,240,24,715.3932,
Abrisham,241,24.1,715.0821,
Abrisham,242,24.2,715.2443,
Abrisham,243,24.3,715.1148,
Abrisham,244,24.4,715.143,
Abrisham,245,24.5,715.2791,
Abrisham,246,24.6,715.1285,
Abrisham,247,24.7,715.1116,
Abrisham,248,24.8,715.1782,
Abrisham,249,24.9,715.0295,
Abrisham,250,25,714.8735,
Abrisham,251,25.1,714.972,
Abrisham,252,25.2,715.0017,
Abrisham,253,25.3,714.9588,
Abrisham,254,25.4,714.8819,
Abrisham,255,25.5,715.3442,
Abrisham,256,25.6,714.8627,
Abrisham,257,25.7,714.501,
Abrisham,258,25.8,714.6215,
Abrisham,259,25.9,714.5005,
Abrisham,260,26,714.4753,
Abrisham,261,26.1,715.0107,
Abrisham,262,26.2,714.6379,
Abrisham,263,26.3,714.5513,
Abrisham,264,26.4,714.3362,
Abrisham,265,26.5,714.3867,
Abrisham,266,26.6,714.2497,
Abrisham,267,26.7,714.2726,
Abrisham,268,26.8,714.3762,
Abrisham,269,26.9,714.2177,
Abrisham,270,27,714.2094,
Abrisham,271,27.1,714.1893,
Abrisham,272,27.2,714.3142,
Abrisham,273,27.3,714.1743,
Abrisham,274,27.4,714.3605,
Abrisham,275,27.5,714.2891,
Abrisham,276,27.6,714.1992,
Abrisham,277,27.7,714.1965,
Abrisham,278,27.8,714.3159,
Abrisham,279,27.9,714.2011,
Abrisham,280,28,714.1456,
Abrisham,281,28.1,714.0836,
Abrisham,282,28.2,714.1813,
Abrisham,283,28.3,714.1448,
Abrisham,284,28.4,714.0727,
Abrisham,285,28.5,714.1841,
Abrisham,286,28.6,714.0172,
Abrisham,287,28.7,714.0013,
Abrisham,288,28.8,713.6907,
Abrisham,289,28.9,714.102,
Abrisham,290,29,713.8874,
Abrisham,291,29.1,713.7346,
Abrisham,292,29.2,713.8273,
Abrisham,293,29.3,713.6047,
Abrisham,294,29.4,713.808,
Abrisham,295,29.5,713.5161,
Abrisham,296,29.6,713.7817,
Abrisham,297,29.7,713.6694,
Abrisham,298,29.8,713.99,
Abrisham,299,29.9,713.6559,
Abrisham,300,30,713.5833,
Abrisham,301,30.1,713.585,
Abrisham,302,30.2,713.3692,
Abrisham,303,30.3,713.6046,
Abrisham,304,30.4,713.4815,
Abrisham,305,30.5,713.5007,
Abrisham,306,30.6,713.4075,
Abrisham,307,30.7,713.4789,
Abrisham,308,30.8,713.4669,
Abrisham,309,30.9,713.2397,
Abrisham,310,31,713.1529,
Abrisham,311,31.1,713.4307,
Abrisham,312,31.2,713.1835,
Abrisham,313,31.3,713.2786,
Abrisham,314,31.4,713.1903,
Abrisham,315,31.5,712.9244,
Abrisham,316,31.6,713.2062,
Abrisham,317,31.7,712.9388,
Abrisham,318,31.8,713.1209,
Abrisham,319,31.9,713.1202,
Abrisham,320,32,713.0142,
Abrisham,321,32.1,712.986,
Abrisham,322,32.2,713.2646,
Abrisham,323,32.3,713.03,
Abrisham,324,32.4,713.0323,
Abrisham,325,32.5,712.9789,
Abrisham,326,32.6,712.962,
Abrisham,327,32.7,712.8267,
Abrisham,328,32.8,713.0212,
Abrisham,329,32.9,713.0354,
Abrisham,330,33,713.1498,
Abrisham,331,33.1,712.8148,
Abrisham,332,33.2,712.9706,
Abrisham,333,33.3,712.7657,
Abrisham,334,33.4,712.8963,
Abrisham,335,33.5,712.987,
Abrisham,336,33.6,712.8093,
Abrisham,337,33.7,712.7626,
Abrisham,338,33.8,712.7703,
Abrisham,339,33.9,712.4743,
Abrisham,340,34,712.5771,
Abrisham,341,34.1,712.5983,
Abrisham,342,34.2,712.4583,
Abrisham,343,34.3,712.4393,
Abrisham,344,34.4,712.6503,
Abrisham,345,34.5,712.6603,
Abrisham,346,34.6,712.6593,
Canning,1,0,67.24306,
Canning,2,0.25,67.67598,
Canning,3,0.5,66.94229,
Canning,4,0.75,66.81931,
Canning,5,1,67.79654,
Canning,6,1.25,68.27161,
Canning,7,1.5,68.14217,
Canning,8,1.75,69.23022,
Canning,9,2,69.79512,
Canning,10,2.25,69.06007,
Canning,11,2.5,71.27789,
Canning,12,2.75,71.05927,
Canning,13,3,71.26741,
Canning,14,3.25,72.47074,
Canning,15,3.5,73.54213,
Canning,16,3.75,74.66199,
Canning,17,4,75.04855,
Canning,18,4.25,75.02528,
Canning,19,4.5,75.14102,
Canning,20,4.75,75.76669,
Canning,21,5,76.41557,
Canning,22,5.25,77.60089,
Canning,23,5.5,77.89218,
Canning,24,5.75,78.0171,
Canning,25,6,79.70684,
Canning,26,6.25,79.97134,
Canning,27,6.5,80.35674,
Canning,28,6.75,80.81085,
Canning,29,7,79.87603,
Canning,30,7.25,78.22221,
Canning,31,7.5,78.48322,
Canning,32,7.75,78.71564,
Canning,33,8,78.6409,
Canning,34,8.25,79.38164,
Canning,35,8.5,79.59657,
Canning,36,8.75,79.77282,
Canning,37,9,79.65394,
Canning,38,9.25,79.61103,
Canning,39,9.5,79.806,
Canning,40,9.75,79.75141,
Canning,41,10,79.86912,
Canning,42,10.25,80.11465,
Canning,43,10.5,79.86338,
Canning,44,10.75,80.27606,
Canning,45,11,80.18028,
Canning,46,11.25,79.97459,
Canning,47,11.5,79.48534,
Canning,48,11.75,79.79494,
Canning,49,12,79.60905,
Canning,50,12.25,79.32551,
Canning,51,12.5,79.65327,
Canning,52,12.75,79.82037,
Canning,53,13,79.16219,
Canning,54,13.25,79.58788,
Canning,55,13.5,79.13312,
Canning,56,13.75,78.73312,
Canning,57,14,78.65231,
Canning,58,14.25,77.70798,
Canning,59,14.5,77.73708,
Canning,60,14.75,75.60651,
Canning,61,15,71.75415,
Canning,62,15.25,71.21461,
Canning,63,15.5,71.396,
Canning,64,15.75,70.15717,
Canning,65,16,69.53128,
Canning,66,16.25,67.94626,
Canning,67,16.5,68.29117,Channel
Canning,68,16.75,68.09547,
Canning,69,17,67.73811,
Canning,70,17.25,67.53069,
Canning,71,17.5,66.47009,
Canning,72,17.75,65.75639,
Canning,73,18,64.7806,
Canning,74,18.25,64.18832,
Canning,75,18.5,63.34008,
Canning,76,18.75,62.58396,
Canning,77,19,62.0763,
Canning,78,19.25,61.54191,
Canning,79,19.5,60.27511,
Canning,80,19.75,59.87627,
Canning,81,20,60.15974,
Canning,82,20.25,58.74738,
Canning,83,20.5,58.55731,
Canning,84,20.75,58.04981,
Canning,85,21,56.71069,
Canning,86,21.25,56.68774,
Canning,87,21.5,55.17323,
Canning,88,21.75,54.45764,
Canning,89,22,53.98927,
Canning,90,22.25,53.27425,
Canning,91,22.5,52.05123,
Canning,92,22.75,51.42229,
Canning,93,23,51.17076,
Canning,94,23.25,50.77085,
Canning,95,23.5,49.29609,
Canning,96,23.75,48.58504,
Canning,97,24,47.94758,
Canning,98,24.25,46.84793,
Cusay,1,0,256.6605,
Cusay,2,0.1,257.1064,
Cusay,3,0.2,257.6968,
Cusay,4,0.3,260.9661,
Cusay,5,0.4,265.3563,
Cusay,6,0.5,266.8535,
Cusay,7,0.6,263.4851,
Cusay,8,0.7,261.1713,
Cusay,9,0.8,260.8001,
Cusay,10,0.9,261.825,
Cusay,11,1,261.6833,
Cusay,12,1.1,261.9121,
Cusay,13,1.2,262.2013,
Cusay,14,1.3,262.4167,
Cusay,15,1.4,264.3103,
Cusay,16,1.5,265.8844,
Cusay,17,1.6,270.4467,
Cusay,18,1.7,267.2543,
Cusay,19,1.8,270.0901,
Cusay,20,1.9,268.2065,
Cusay,21,2,268.6821,
Cusay,22,2.1,267.6355,
Cusay,23,2.2,267.4297,
Cusay,24,2.3,269.9867,
Cusay,25,2.4,268.6119,
Cusay,26,2.5,268.4174,
Cusay,27,2.6,268.8418,
Cusay,28,2.7,269.1331,
Cusay,29,2.8,270.3213,
Cusay,30,2.9,270.8929,
Cusay,31,3,271.5106,
Cusay,32,3.1,272.3942,
Cusay,33,3.2,272.3689,
Cusay,34,3.3,272.4268,
Cusay,35,3.4,272.6245,
Cusay,36,3.5,272.6178,
Cusay,37,3.6,273.1973,
Cusay,38,3.7,273.144,
Cusay,39,3.8,274.9271,
Cusay,40,3.9,276.4989,
Cusay,41,4,276.9068,
Cusay,42,4.1,278.0576,
Cusay,43,4.2,281.2389,
Cusay,44,4.3,284.8881,
Cusay,45,4.4,282.36,
Cusay,46,4.5,274.9707,
Cusay,47,4.6,280.1127,
Cusay,48,4.7,277.3896,
Cusay,49,4.8,276.4002,
Cusay,50,4.9,277.5136,
Cusay,51,5,278.7525,
Cusay,52,5.1,277.3845,
Cusay,53,5.2,275.2323,
Cusay,54,5.3,276.3517,
Cusay,55,5.4,280.366,
Cusay,56,5.5,277.9445,
Cusay,57,5.6,282.4109,
Cusay,58,5.7,277.896,
Cusay,59,5.8,279.3563,
Cusay,60,5.9,280.2324,
Cusay,61,6,282.55,
Cusay,62,6.1,282.6351,
Cusay,63,6.2,285.6064,
Cusay,64,6.3,283.7587,
Cusay,65,6.4,281.5387,
Cusay,66,6.5,281.4294,
Cusay,67,6.6,282.3214,
Cusay,68,6.7,281.5562,
Cusay,69,6.8,280.4814,
Cusay,70,6.9,280.7905,
Cusay,71,7,281.5795,
Cusay,72,7.1,281.9027,
Cusay,73,7.2,278.7499,
Cusay,74,7.3,278.5927,
Cusay,75,7.4,279.8181,
Cusay,76,7.5,280.924,
Cusay,77,7.6,282.113,
Cusay,78,7.7,283.0765,
Cusay,79,7.8,282.3666,
Cusay,80,7.9,281.6981,
Cusay,81,8,285.1321,
Cusay,82,8.1,301.0558,
Cusay,83,8.2,290.1153,
Cusay,84,8.3,288.4134,
Cusay,85,8.4,281.2731,
Cusay,86,8.5,279.463,
Cusay,87,8.6,280.2098,
Cusay,88,8.7,279.0083,
Cusay,89,8.8,278.662,
Cusay,90,8.9,277.8101,
Cusay,91,9,286.0962,
Cusay,92,9.1,281.7483,
Cusay,93,9.2,278.6662,
Cusay,94,9.3,279.8673,
Cusay,95,9.4,278.9443,
Cusay,96,9.5,278.7909,Channel
Cusay,97,9.6,280.3978,
Cusay,98,9.7,290.5148,
Cusay,99,9.8,281.1143,
Cusay,100,9.9,277.9076,
Cusay,101,10,277.3709,
Cusay,102,10.1,277.3709,
Ili,1,1,374.7816,
Ili,2,2,367.3265,
Ili,3,3,371.2271,
Ili,4,4,370.767,
Ili,5,5,369.4182,
Ili,6,6,368.7248,
Ili,7,7,367.8638,
Ili,8,8,367.088,
Ili,9,9,369.0318,
Ili,10,10,367.1642,
Ili,11,11,369.6504,
Ili,12,12,368.6067,
Ili,13,13,369.3961,
Ili,14,14,368.4074,
Ili,15,15,368.1222,
Ili,16,16,371.0388,
Ili,17,17,369.59,
Ili,18,18,370.9561,
Ili,19,19,370.2805,
Ili,20,20,370.2384,
Ili,21,21,371.3963,
Ili,22,22,371.0244,
Ili,23,23,372.5021,
Ili,24,24,373.3945,
Ili,25,25,371.9384,
Ili,26,26,372.3604,
Ili,27,27,370.5505,Channel
Ili,28,28,372.2242,
Ili,29,29,372.3849,
Ili,30,30,371.4261,
Ili,31,31,370.9686,
Ili,32,32,371.0259,
Ili,33,33,370.5986,
Ili,34,34,368.7316,
Ili,35,35,371.2631,
Ili,36,36,370.5249,
Ili,37,37,369.6702,
Ili,38,38,370.7796,
Ili,39,39,370.6533,
Ili,40,40,369.6901,
Ili,41,41,368.2464,
Ili,42,42,369.9626,
Ili,43,43,369.6949,
Ili,44,44,369.8566,
Ili,45,45,371.7784,
Ili,46,46,370.3019,
Ili,47,47,370.7097,
Ili,48,48,371.788,
Ili,49,49,371.3213,
Ili,50,50,371.0344,
Ili,51,51,370.7057,
Ili,52,52,369.3429,
Ili,53,53,370.3131,
Ili,54,54,370.0993,
Ili,55,55,370.3336,
Ili,56,56,368.6441,
Ili,57,57,369.6357,
Ili,58,58,369.3049,
Ili,59,59,369.2963,
Ili,60,60,370.9857,
Ili,61,61,369.0732,
Ili,62,62,368.3494,
Ili,63,63,369.0609,
Ili,64,64,370.3006,
Ili,65,65,370.6004,
Ili,66,66,369.6757,
Ili,67,67,370.2471,
Ili,68,68,370.3076,
Ili,69,69,370.1956,
Ili,70,70,369.8783,
Ili,71,71,369.7631,
Ili,72,72,369.3997,
Ili,73,73,367.7017,
Ili,74,74,368.5893,
Ili,75,75,370.1132,
Ili,76,76,370.195,
Ili,77,77,367.7404,
Ili,78,78,369.5376,
Ili,79,79,369.9087,
Ili,80,80,369.7245,
Ili,81,81,369.1705,
Ili,82,82,368.5002,
Ili,83,83,367.6799,
Ili,84,84,367.3,
Ili,85,85,368.6728,
Ili,86,86,368.257,
Ili,87,87,368.1887,
Ili,88,88,367.6516,
Ili,89,89,367.9271,
Ili,90,90,368.1262,
Ili,91,91,366.9383,
Ili,92,92,366.7365,
Ili,93,93,367.0697,
Ili,94,94,366.7735,
Ili,95,95,367.7944,
Ili,96,96,366.9638,
Ili,97,97,366.1496,
Ili,98,98,364.727,
Ili,99,99,367.455,
Ili,100,100,363.5318,
Ili,101,101,362.5241,
Ili,102,102,367.7938,
Ili,103,103,365.4004,
Ili,104,104,364.8567,
Ili,105,105,364.554,
Ili,106,106,366.5284,
Ili,107,107,362.4205,
Ili,108,108,364.9409,
Ili,109,109,367.0975,
Ili,110,110,362.3788,
Ili,111,111,361.9815,
Karnali,1,0.25,175.2902,
Karnali,2,0.5,168.2624,
Karnali,3,0.75,175.9501,
Karnali,4,1,174.0886,
Karnali,5,1.25,165.4857,
Karnali,6,1.5,164.9613,
Karnali,7,1.75,167.7022,
Karnali,8,2,164.2858,
Karnali,9,2.25,168.1934,
Karnali,10,2.5,167.5917,
Karnali,11,2.75,169.9781,
Karnali,12,3,168.3441,
Karnali,13,3.25,168.9216,
Karnali,14,3.5,169.264,
Karnali,15,3.75,169.9126,
Karnali,16,4,167.8759,
Karnali,17,4.25,168.5425,
Karnali,18,4.5,168.9953,
Karnali,19,4.75,167.0144,
Karnali,20,5,170.0631,
Karnali,21,5.25,169.858,
Karnali,22,5.5,169.9974,
Karnali,23,5.75,168.9331,
Karnali,24,6,169.3477,
Karnali,25,6.25,167.7075,
Karnali,26,6.5,168.8503,
Karnali,27,6.75,165.0764,
Karnali,28,7,169.0497,
Karnali,29,7.25,173.6367,
Karnali,30,7.5,163.2453,Channel
Karnali,31,7.75,168.9283,
Karnali,32,8,167.0931,
Karnali,33,8.25,172.998,
Karnali,34,8.5,166.4768,
Karnali,35,8.75,168.3629,
Karnali,36,9,170.1086,
Kosi,1,1,53.24045,
Kosi,2,2,53.2091,
Kosi,3,3,58.19818,
Kosi,4,4,53.86019,
Kosi,5,5,55.31778,
Kosi,6,6,57.46842,
Kosi,7,7,54.58773,
Kosi,8,8,56.15967,
Kosi,9,9,55.79977,
Kosi,10,10,56.30952,
Kosi,11,11,56.32731,
Kosi,12,12,57.21973,
Kosi,13,13,55.97836,
Kosi,14,14,56.80052,
Kosi,15,15,58.78273,
Kosi,16,16,56.61544,
Kosi,17,17,57.66474,
Kosi,18,18,57.70502,
Kosi,19,19,59.49402,
Kosi,20,20,60.62728,
Kosi,21,21,59.10941,
Kosi,22,22,58.23551,
Kosi,23,23,58.95592,
Kosi,24,24,63.66401,
Kosi,25,25,63.96094,
Kosi,26,26,59.26849,
Kosi,27,27,60.33549,
Kosi,28,28,60.25658,
Kosi,29,29,61.29946,
Kosi,30,30,62.39356,
Kosi,31,31,60.57159,
Kosi,32,32,63.34232,
Kosi,33,33,65.22691,
Kosi,34,34,61.77484,
Kosi,35,35,62.51826,
Kosi,36,36,62.78702,
Kosi,37,37,62.57169,
Kosi,38,38,64.19744,
Kosi,39,39,63.67353,
Kosi,40,40,61.5451,
Kosi,41,41,61.96996,
Kosi,42,42,64.97554,
Kosi,43,43,62.23748,
Kosi,44,44,62.12899,
Kosi,45,45,61.91448,
Kosi,46,46,63.37103,
Kosi,47,47,62.18851,
Kosi,48,48,62.66334,
Kosi,49,49,62.03712,
Kosi,50,50,64.66824,
Kosi,51,51,62.07755,
Kosi,52,52,61.80361,
Kosi,53,53,62.7496,
Kosi,54,54,60.96165,
Kosi,55,55,61.77968,
Kosi,56,56,61.86589,
Kosi,57,57,61.77666,
Kosi,58,58,65.68835,
Kosi,59,59,62.56882,
Kosi,60,60,67.90206,
Kosi,61,61,59.65374,
Kosi,62,62,63.22789,
Kosi,63,63,59.88361,
Kosi,64,64,61.26522,
Kosi,65,65,60.11597,
Kosi,66,66,61.73963,
Kosi,67,67,60.1337,
Kosi,68,68,61.02547,
Kosi,69,69,59,
Kosi,70,70,58.5,
Kosi,71,71,58,Channel
Kosi,72,72,60.34438,
Kosi,73,73,57.0161,
Kosi,74,74,56.5,
Kosi,75,75,58.9928,
Kosi,76,76,58.67368,
Kosi,77,77,58.39186,
Kosi,78,78,56.01918,
Kosi,79,79,57.70747,
Kosi,80,80,59.94154,
Kosi,81,81,54.99298,
Kosi,82,82,56.62747,
Kosi,83,83,53.84638,
Kosi,84,84,64.89802,
Manas,1,0,63.75819,
Manas,2,0.25,64.97044,
Manas,3,0.5,65.99444,
Manas,4,0.75,63.51656,
Manas,5,1,63.85354,
Manas,6,1.25,63.51205,
Manas,7,1.5,64.40562,
Manas,8,1.75,64.7029,
Manas,9,2,68.30187,
Manas,10,2.25,70.19765,
Manas,11,2.5,67.35852,
Manas,12,2.75,70.29012,
Manas,13,3,62.93012,
Manas,14,3.25,65.06732,
Manas,15,3.5,65.9735,
Manas,16,3.75,64.03567,
Manas,17,4,63.19296,
Manas,18,4.25,62,Channel
Manas,19,4.5,79.59867,
Manas,20,4.75,84.82276,
Manas,21,5,75.77436,
Manas,22,5.25,71.4967,
Manas,23,5.5,83.48318,
Manas,24,5.75,82.22204,
Manas,25,6,77.06866,
Manas,26,6.25,80.51641,
Manas,27,6.5,75.44152,
Manas,28,6.75,63.93896,
Manas,29,7,73.78648,
Manas,30,7.25,71.34721,
Manas,31,7.5,67.58461,
Manas,32,7.75,68.80493,
Manas,33,8,76.26901,
Manas,34,8.25,72.23059,
Manas,35,8.5,69.36148,
Manas,36,8.75,69.58743,
Manas,37,9,69.91236,
Manas,38,9.25,74.13897,
Manas,39,9.5,74.03548,
Manas,40,9.75,70.2014,
Manas,41,10,73.12726,
Manas,42,10.25,65.70487,
Manas,43,10.5,64.44163,
Manas,44,10.75,63.78656,
Manas,45,11,62.54424,
Manas,46,11.25,66.0353,
Manas,47,11.5,69.1679,
Manas,48,11.75,64.1055,
Manas,49,12,74.8148,
Manas,50,12.25,70.57604,
Manas,51,12.5,71.9385,
Manas,52,12.75,72.21686,
Manas,53,13,75.44003,
Manas,54,13.25,75.63077,
Manas,55,13.5,75.82984,
Manas,56,13.75,75.71626,
Manas,57,14,71.42504,
Manas,58,14.25,79.22231,
Manas,59,14.5,70.7449,
Manas,60,14.75,65.17112,
Manas,61,15,65.54266,
Niger,1,1,271.3587,
Niger,2,2,269.4592,
Niger,3,3,267.5847,
Niger,4,4,267.9005,
Niger,5,5,267.7545,
Niger,6,6,267.5329,
Niger,7,7,267.6219,
Niger,8,8,267.9326,
Niger,9,9,267.5988,
Niger,10,10,267.2334,
Niger,11,11,266.6981,
Niger,12,12,267.1597,
Niger,13,13,267.1999,
Niger,14,14,266.8542,
Niger,15,15,267.3241,
Niger,16,16,267.2748,
Niger,17,17,267.0149,
Niger,18,18,267.9906,
Niger,19,19,267.4913,
Niger,20,20,267.4193,
Niger,21,21,267.5634,
Niger,22,22,267.3423,
Niger,23,23,267.1969,
Niger,24,24,267.4427,
Niger,25,25,267.5834,
Niger,26,26,266.9857,
Niger,27,27,267.3113,
Niger,28,28,266.9904,
Niger,29,29,266.971,
Niger,30,30,266.8435,
Niger,31,31,266.7346,
Niger,32,32,267.0302,
Niger,33,33,267.331,
Niger,34,34,266.3357,
Niger,35,35,267.2258,
Niger,36,36,267.1558,
Niger,37,37,268.1576,
Niger,38,38,266.7493,
Niger,39,39,267.0136,
Niger,40,40,266.5329,
Niger,41,41,266.9832,
Niger,42,42,266.4813,
Niger,43,43,266.6852,
Niger,44,44,266.2628,
Niger,45,45,266.3695,
Niger,46,46,266.3675,
Niger,47,47,266.1772,
Niger,48,48,266.1218,
Niger,49,49,266.1467,
Niger,50,50,266.3742,
Niger,51,51,268.2032,
Niger,52,52,266.6112,
Niger,53,53,266.5245,
Niger,54,54,266.969,
Niger,55,55,266.318,
Niger,56,56,265.6559,
Niger,57,57,267.0751,
Niger,58,58,265.2442,
Niger,59,59,265.3794,
Niger,60,60,264.9228,
Niger,61,61,265.4144,
Niger,62,62,265.5879,
Niger,63,63,265.6098,
Niger,64,64,265.5228,
Niger,65,65,265.3586,
Niger,66,66,264.9835,
Niger,67,67,264.8253,
Niger,68,68,264,
Niger,69,69,265.2146,
Niger,70,70,265.0907,
Niger,71,71,265.0545,
Niger,72,72,265.1591,
Niger,73,73,265.2245,
Niger,74,74,265.7789,
Niger,75,75,265.5116,
Niger,76,76,265.6692,
Niger,77,77,266.2763,
Niger,78,78,265.6205,
Niger,79,79,266.0901,
Niger,80,80,265.8415,
Niger,81,81,266.1428,
Niger,82,82,266.0918,
Niger,83,83,265.7364,
Niger,84,84,265.8072,
Niger,85,85,265.7652,
Niger,86,86,265.0661,
Niger,87,87,264.0112,
Niger,88,88,268.0009,
Niger,89,89,265.3273,
Niger,90,90,263.9074,
Niger,91,91,264.8111,
Niger,92,92,265.0735,
Niger,93,93,264.7152,
Niger,94,94,264.0477,
Niger,95,95,264.5923,
Niger,96,96,265.14,
Niger,97,97,264.9073,
Niger,98,98,264.376,
Niger,99,99,264.5533,
Niger,100,100,264.2058,
Niger,101,101,263.6854,
Niger,102,102,264.963,
Niger,103,103,264.957,
Niger,104,104,265.6627,
Niger,105,105,264.7996,
Niger,106,106,264.6503,
Niger,107,107,265.2479,
Niger,108,108,264.708,
Niger,109,109,264.824,
Niger,110,110,265.3156,
Niger,111,111,265.096,
Niger,112,112,266.6143,
Niger,113,113,267.2359,
Niger,114,114,265.4267,
Niger,115,115,265.3005,
Niger,116,116,265.7936,
Niger,117,117,266.2019,
Niger,118,118,267.0599,
Niger,119,119,265.494,
Niger,120,120,266.2244,
Niger,121,121,267.0556,
Niger,122,122,266.8217,
Niger,123,123,266.0928,
Niger,124,124,264.2546,
Niger,125,125,264.8271,
Niger,126,126,264.7216,
Niger,127,127,266.5643,
Niger,128,128,265.7498,
Niger,129,129,267.8711,
Niger,130,130,267.6241,
Niger,131,131,265.1437,
Niger,132,132,261,Channel
Niger,133,133,265.2647,
Niger,134,134,264.799,
Niger,135,135,264.7854,
Niger,136,136,265.4564,
Niger,137,137,264.8675,
Niger,138,138,264.5463,
Niger,139,139,267.2415,
Niger,140,140,267.2315,
Niger,141,141,267.1788,
Niger,142,142,267.9463,
Nomhon He,1,0,2860.538,
Nomhon He,2,0.25,2862.719,
Nomhon He,3,0.5,2865.604,
Nomhon He,4,0.75,2868.423,
Nomhon He,5,1,2871.051,
Nomhon He,6,1.25,2874.271,
Nomhon He,7,1.5,2877.085,
Nomhon He,8,1.75,2879.198,
Nomhon He,9,2,2881.855,
Nomhon He,10,2.25,2884.249,
Nomhon He,11,2.5,2886.316,
Nomhon He,12,2.75,2887.999,
Nomhon He,13,3,2889.22,
Nomhon He,14,3.25,2890.532,
Nomhon He,15,3.5,2892.563,
Nomhon He,16,3.75,2893.98,
Nomhon He,17,4,2895.455,
Nomhon He,18,4.25,2897.72,
Nomhon He,19,4.5,2900.112,
Nomhon He,20,4.75,2902.507,
Nomhon He,21,5,2904.91,
Nomhon He,22,5.25,2907.456,
Nomhon He,23,5.5,2909.752,
Nomhon He,24,5.75,2911.977,
Nomhon He,25,6,2914.008,
Nomhon He,26,6.25,2916.258,
Nomhon He,27,6.5,2918.997,
Nomhon He,28,6.75,2920.686,
Nomhon He,29,7,2922.825,
Nomhon He,30,7.25,2924.786,
Nomhon He,31,7.5,2926.225,
Nomhon He,32,7.75,2927.121,
Nomhon He,33,8,2927.98,
Nomhon He,34,8.25,2928.663,
Nomhon He,35,8.5,2928.775,
Nomhon He,36,8.75,2929.583,
Nomhon He,37,9,2929.246,
Nomhon He,38,9.25,2929.21,
Nomhon He,39,9.5,2928.465,
Nomhon He,40,9.75,2927.212,
Nomhon He,41,10,2927.037,
Nomhon He,42,10.25,2927.854,
Nomhon He,43,10.5,2927.988,
Nomhon He,44,10.75,2927.71,
Nomhon He,45,11,2926.553,Channel
Nomhon He,46,11.25,2925.468,
Nomhon He,47,11.5,2924.118,
Nomhon He,48,11.75,2923.229,
Nomhon He,49,12,2922.361,
Nomhon He,50,12.25,2921.019,
Nomhon He,51,12.5,2920.059,
Nomhon He,52,12.75,2918.557,
Nomhon He,53,13,2917.548,
Nomhon He,54,13.25,2916.712,
Nomhon He,55,13.5,2915.665,
Nomhon He,56,13.75,2914.481,
Nomhon He,57,14,2913.343,
Nomhon He,58,14.25,2912.313,
Nomhon He,59,14.5,2911.176,
Nomhon He,60,14.75,2909.862,
Nomhon He,61,15,2908.576,
Nomhon He,62,15.25,2907.208,
Nomhon He,63,15.5,2905.859,
Nomhon He,64,15.75,2903.853,
Nomhon He,65,16,2902.653,
Nomhon He,66,16.25,2901.24,
Nomhon He,67,16.5,2899.616,
Nomhon He,68,16.75,2897.938,
Nomhon He,69,17,2896.113,
Nomhon He,70,17.25,2894.662,
Nomhon He,71,17.5,2892.913,
Nomhon He,72,17.75,2891.191,
Nomhon He,73,18,2889.429,
Nomhon He,74,18.25,2887.702,
Nomhon He,75,18.5,2885.552,
Nomhon He,76,18.75,2883.714,
Nomhon He,77,19,2881.972,
Nomhon He,78,19.25,2880.077,
Nomhon He,79,19.5,2878.35,
Nomhon He,80,19.75,2876.307,
Nomhon He,81,20,2874.325,
Nomhon He,82,20.25,2872.599,
Nomhon He,83,20.5,2870.856,
Nomhon He,84,20.75,2869.119,
Nomhon He,85,21,2867.419,
Nomhon He,86,21.25,2865.742,
Nomhon He,87,21.5,2863.956,
Nomhon He,88,21.75,2861.951,
Nomhon He,89,22,2859.815,
Nomhon He,90,22.25,2858.169,
Nomhon He,91,22.5,2856.23,
Nomhon He,92,22.75,2854.454,
Nomhon He,93,23,2852.799,
Nomhon He,94,23.25,2850.674,
Nomhon He,95,23.5,2849.004,
Nomhon He,96,23.75,2847.221,
Nomhon He,97,24,2845.854,
Nomhon He,98,24.25,2844.384,
Nomhon He,99,24.5,2842.762,
Nomhon He,100,24.75,2841.096,
Nomhon He,101,25,2840.844,
Okavango,1,1,942.6676,
Okavango,2,2,941.2503,
Okavango,3,3,941.5,
Okavango,4,4,942.1091,
Okavango,5,5,942.6857,
Okavango,6,6,943.1527,
Okavango,7,7,944.8236,
Okavango,8,8,945.7007,
Okavango,9,9,944.759,
Okavango,10,10,945.9663,
Okavango,11,11,946.5443,
Okavango,12,12,945.5688,
Okavango,13,13,947.0159,
Okavango,14,14,946.8097,
Okavango,15,15,947.4077,
Okavango,16,16,947.3718,
Okavango,17,17,948.7204,
Okavango,18,18,948.0654,
Okavango,19,19,947.7877,
Okavango,20,20,949.6777,
Okavango,21,21,950.3835,
Okavango,22,22,948.9243,
Okavango,23,23,949.1705,
Okavango,24,24,949.6995,
Okavango,25,25,951.4496,
Okavango,26,26,949.9232,
Okavango,27,27,950.5803,
Okavango,28,28,950.7175,
Okavango,29,29,951.4471,
Okavango,30,30,951.3391,
Okavango,31,31,952.7214,
Okavango,32,32,950.942,
Okavango,33,33,951.7526,
Okavango,34,34,952.5959,
Okavango,35,35,952.9515,
Okavango,36,36,953.1036,
Okavango,37,37,953.7513,
Okavango,38,38,953.0167,
Okavango,39,39,953.4391,
Okavango,40,40,953.1358,
Okavango,41,41,955.3074,
Okavango,42,42,955.061,
Okavango,43,43,955.1447,
Okavango,44,44,956.5319,
Okavango,45,45,955.7139,
Okavango,46,46,955.4353,
Okavango,47,47,955.9847,
Okavango,48,48,956.2418,
Okavango,49,49,954.9276,
Okavango,50,50,955.7669,
Okavango,51,51,956.5049,
Okavango,52,52,955.9041,
Okavango,53,53,955.1526,
Okavango,54,54,957.044,
Okavango,55,55,956.8288,
Okavango,56,56,957.9197,
Okavango,57,57,957.7195,
Okavango,58,58,957.18,
Okavango,59,59,958.8436,
Okavango,60,60,958.5773,
Okavango,61,61,959.2886,
Okavango,62,62,959.4055,
Okavango,63,63,959.2382,
Okavango,64,64,958.9174,
Okavango,65,65,959.5529,
Okavango,66,66,959.7765,
Okavango,67,67,958.7294,
Okavango,68,68,957,
Okavango,69,69,958.4044,
Okavango,70,70,963.3765,
Okavango,71,71,959.6658,
Okavango,72,72,958.9777,
Okavango,73,73,958.7539,
Okavango,74,74,959.1753,
Okavango,75,75,959.46,
Okavango,76,76,959.738,
Okavango,77,77,959.6568,
Okavango,78,78,960.2838,
Okavango,79,79,960.1871,
Okavango,80,80,960.8727,
Okavango,81,81,959.946,
Okavango,82,82,960.3348,
Okavango,83,83,960.9452,
Okavango,84,84,960.4517,
Okavango,85,85,960.0518,
Okavango,86,86,960.8208,
Okavango,87,87,961.366,
Okavango,88,88,961.2455,
Okavango,89,89,962.2606,
Okavango,90,90,961.908,
Okavango,91,91,961.9165,Channel
Okavango,92,92,963.0886,
Okavango,93,93,962.4489,
Okavango,94,94,962.5867,
Okavango,95,95,962.2688,
Okavango,96,96,962.5131,
Okavango,97,97,962.7883,
Okavango,98,98,962.3778,
Okavango,99,99,961.3524,
Okavango,100,100,960.9333,
Okavango,101,101,961.9509,
Okavango,102,102,961.1315,
Okavango,103,103,962.5236,
Okavango,104,104,961.7441,
Okavango,105,105,963.9554,
Okavango,106,106,961.2784,
Okavango,107,107,961.6439,
Okavango,108,108,963.1381,
Okavango,109,109,961.2192,
Okavango,110,110,961.3847,
Okavango,111,111,963.5884,
Okavango,112,112,961.6547,
Okavango,113,113,961.1854,
Okavango,114,114,961.3942,
Okavango,115,115,961.3574,
Okavango,116,116,961.3941,
Okavango,117,117,965.0191,
Okavango,118,118,961.6128,
Okavango,119,119,962.0996,
Okavango,120,120,962.2723,
Okavango,121,121,963.7558,
Okavango,122,122,962,
Okavango,123,123,962,
Okavango,124,124,962,
Okavango,125,125,963.5041,
Okavango,126,126,961,
Okavango,127,127,961.2594,
Okavango,128,128,961.4266,
Okavango,129,129,961.7586,
Okavango,130,130,961.2109,
Okavango,131,131,961.4701,
Okavango,132,132,962.3831,
Okavango,133,133,962.9105,
Okavango,134,134,962.7047,
Okavango,135,135,961.1128,
Okavango,136,136,961.5817,
Okavango,137,137,961.09,
Okavango,138,138,963.3561,
Okavango,139,139,960.0037,
Okavango,140,140,962.2867,
Okavango,141,141,961.9925,
Okavango,142,142,960.5685,
Okavango,143,143,961.6669,
Okavango,144,144,959.3044,
Okavango,145,145,959.2234,
Okavango,146,146,959.3754,
Okavango,147,147,959.7556,
Okavango,148,148,959.5374,
Okavango,149,149,960.2671,
Okavango,150,150,959.4996,
Okavango,151,151,960.0687,
Okavango,152,152,959.6547,
Okavango,153,153,959.9088,
Okavango,154,154,959.1258,
Okavango,155,155,957.9363,
Okavango,156,156,959.0504,
Okavango,157,157,957.7095,
Okavango,158,158,959.9683,
Okavango,159,159,962.4274,
Okavango,160,160,958.0748,
Okavango,161,161,958.7484,
Okavango,162,162,956.949,
Okavango,163,163,957.7632,
Okavango,164,164,956.724,
Okavango,165,165,957.8475,
Okavango,166,166,957.5734,
Okavango,167,167,956.4297,
Okavango,168,168,956.3237,
Okavango,169,169,958.113,
Okavango,170,170,954.7962,
Okavango,171,171,955.8638,
Okavango,172,172,954.8099,
Okavango,173,173,955.7382,
Okavango,174,174,954.877,
Okavango,175,175,955.5544,
Okavango,176,176,956.3739,
Okavango,177,177,960.7399,
Okavango,178,178,955.6739,
Okavango,179,179,956.2198,
Okavango,180,180,956.302,
Okavango,181,181,954.9666,
Okavango,182,182,953.693,
Okavango,183,183,953.177,
Okavango,184,184,958.7375,
Okavango,185,185,953.0112,
Okavango,186,186,955.2725,
Okavango,187,187,953.8015,
Okavango,188,188,955.66,
Okavango,189,189,955.7951,
Okavango,190,190,955.7349,
Okavango,191,191,955.3325,
Okavango,192,192,954.8177,
Okavango,193,193,953.3091,
Okavango,194,194,955.0617,
Okavango,195,195,954.995,
Okavango,196,196,954.7829,
Okavango,197,197,952.9703,
Okavango,198,198,953.611,
Okavango,199,199,952.5775,
Okavango,200,200,956.084,
Shire,1,0.25,54.92757,
Shire,2,0.5,54.88166,
Shire,3,0.75,54.74153,
Shire,4,1,54.45378,
Shire,5,1.25,54.76117,
Shire,6,1.5,55.08543,
Shire,7,1.75,55.21418,
Shire,8,2,55.80366,
Shire,9,2.25,56.98137,
Shire,10,2.5,56.48492,
Shire,11,2.75,56.20354,
Shire,12,3,55.11614,
Shire,13,3.25,54.3336,
Shire,14,3.5,55.54603,
Shire,15,3.75,56.51556,
Shire,16,4,55.71954,
Shire,17,4.25,56.8124,
Shire,18,4.5,57.84903,
Shire,19,4.75,57.94776,
Shire,20,5,55.46801,
Shire,21,5.25,55.0817,
Shire,22,5.5,54.1215,
Shire,23,5.75,55.3596,
Shire,24,6,56.04808,
Shire,25,6.25,55.58179,
Shire,26,6.5,55.85397,
Shire,27,6.75,55.25118,Channel
Shire,28,7,54.69573,
Shire,29,7.25,54.09573,
Shire,30,7.5,53.606,
Shire,31,7.75,54.04461,
Shire,32,8,53.74094,
Shire,33,8.25,54.52346,
Shire,34,8.5,54.61876,
Shire,35,8.75,53.43625,
Shire,36,9,54.93946,
Shire,37,9.25,54.35859,
Shire,38,9.5,53.8709,
Shire,39,9.75,55.76262,
Shire,40,10,56.52632,
Shire,41,10.25,54.73684,
Shire,42,10.5,54.9415,
Shire,43,10.75,54.22766,
Shire,44,11,53.80283,
Shire,45,11.25,54.04178,
Shire,46,11.5,53.96434,
Shire,47,11.75,54.79433,
Shire,48,12,54.65251,
Shire,49,12.25,54.70078,
Shire,50,12.5,55.5385,
Shire,51,12.75,55.60914,
Shire,52,13,54.26804,
Shire,53,13.25,54.39547,
Shire,54,13.5,55.36452,
Shire,55,13.75,55.01109,
Shire,56,14,54.83949,
Shire,57,14.25,55.07924,
Shire,58,14.5,54.9301,
Shire,59,14.75,56.17874,
Rud-i-Shur Tabas,1,0,749.7157,
Rud-i-Shur Tabas,2,0.25,750.1536,
Rud-i-Shur Tabas,3,0.5,750.1606,
Rud-i-Shur Tabas,4,0.75,749.8174,
Rud-i-Shur Tabas,5,1,750.5297,
Rud-i-Shur Tabas,6,1.25,751.0397,
Rud-i-Shur Tabas,7,1.5,752.0064,
Rud-i-Shur Tabas,8,1.75,752.5062,
Rud-i-Shur Tabas,9,2,753.5353,
Rud-i-Shur Tabas,10,2.25,754.1838,
Rud-i-Shur Tabas,11,2.5,755.3463,
Rud-i-Shur Tabas,12,2.75,756.0406,
Rud-i-Shur Tabas,13,3,756.8828,
Rud-i-Shur Tabas,14,3.25,757.3857,
Rud-i-Shur Tabas,15,3.5,757.9835,
Rud-i-Shur Tabas,16,3.75,758.3563,
Rud-i-Shur Tabas,17,4,759.0752,
Rud-i-Shur Tabas,18,4.25,759.65,
Rud-i-Shur Tabas,19,4.5,759.6509,
Rud-i-Shur Tabas,20,4.75,759.5693,
Rud-i-Shur Tabas,21,5,759.5628,
Rud-i-Shur Tabas,22,5.25,759.4791,
Rud-i-Shur Tabas,23,5.5,759.1986,
Rud-i-Shur Tabas,24,5.75,759.2738,
Rud-i-Shur Tabas,25,6,759.0097,
Rud-i-Shur Tabas,26,6.25,759.0647,
Rud-i-Shur Tabas,27,6.5,759.0715,
Rud-i-Shur Tabas,28,6.75,758.6644,
Rud-i-Shur Tabas,29,7,758.8714,
Rud-i-Shur Tabas,30,7.25,758.5262,
Rud-i-Shur Tabas,31,7.5,759.3014,
Rud-i-Shur Tabas,32,7.75,758.1193,
Rud-i-Shur Tabas,33,8,758.5206,
Rud-i-Shur Tabas,34,8.25,758.0632,
Rud-i-Shur Tabas,35,8.5,758.0759,
Rud-i-Shur Tabas,36,8.75,757.6235,
Rud-i-Shur Tabas,37,9,756.6187,
Rud-i-Shur Tabas,38,9.25,755.8094,Channel
Rud-i-Shur Tabas,39,9.5,755.3186,
Rud-i-Shur Tabas,40,9.75,755.1509,
Rud-i-Shur Tabas,41,10,754.4466,
Rud-i-Shur Tabas,42,10.25,753.6833,
Rud-i-Shur Tabas,43,10.5,753.0703,
Rud-i-Shur Tabas,44,10.75,751.5822,
Rud-i-Shur Tabas,45,11,751.1397,
Rud-i-Shur Tabas,46,11.25,750.5717,
Rud-i-Shur Tabas,47,11.5,749.8481,
Rud-i-Shur Tabas,48,11.75,749.6328,
Rud-i-Shur Tabas,49,12,748.2137,
Rud-i-Shur Tabas,50,12.25,747.1957,
Rud-i-Shur Tabas,51,12.5,746.086,
Rud-i-Shur Tabas,52,12.75,745.0853,
Rud-i-Shur Tabas,53,13,743.9591,
Rud-i-Shur Tabas,54,13.25,742.3108,
Rud-i-Shur Tabas,55,13.5,741.2117,
Rud-i-Shur Tabas,56,13.75,739.8024,
Rud-i-Shur Tabas,57,14,738.9763,
Rud-i-Shur Tabas,58,14.25,737.3895,
Rud-i-Shur Tabas,59,14.5,735.9847,
Rud-i-Shur Tabas,60,14.75,734.3288,
Rud-i-Shur Tabas,61,15,733.1453,
Rud-i-Shur Tabas,62,15.25,731.3098,
Rud-i-Shur Tabas,63,15.5,729.9721,
Rud-i-Shur Tabas,64,15.75,728.0944,
Rud-i-Shur Tabas,65,16,726.5212,
Rud-i-Shur Tabas,66,16.25,725.1906,
Rud-i-Shur Tabas,67,16.5,723.4916,
Rud-i-Shur Tabas,68,16.75,722.0081,
Rud-i-Shur Tabas,69,17,720.2055,
Rud-i-Shur Tabas,70,17.25,718.1224,
Rud-i-Shur Tabas,71,17.5,715.9126,
Rud-i-Shur Tabas,72,17.75,714.3837,
Rud-i-Shur Tabas,73,18,712.2654,
Rud-i-Shur Tabas,74,18.25,711.0244,
Rud-i-Shur Tabas,75,18.5,709.0261,
Rud-i-Shur Tabas,76,18.75,707.1975,
Rud-i-Shur Tabas,77,19,705.3266,
Rud-i-Shur Tabas,78,19.25,703.6057,
Rud-i-Shur Tabas,79,19.5,702.0555,
Saskatchewan,1,1,277.3709,
Saskatchewan,2,2,278.3017,
Saskatchewan,3,3,271.1637,
Saskatchewan,4,4,268.942,
Saskatchewan,5,5,270.2911,
Saskatchewan,6,6,274.1038,
Saskatchewan,7,7,269.0487,
Saskatchewan,8,8,269.9122,
Saskatchewan,9,9,269.373,
Saskatchewan,10,10,269.3026,
Saskatchewan,11,11,269.6433,
Saskatchewan,12,12,270.8691,Channel
Saskatchewan,13,13,269.7882,
Saskatchewan,14,14,272.7543,
Saskatchewan,15,15,269.7157,
Saskatchewan,16,16,272.4064,
Saskatchewan,17,17,270.7212,
Saskatchewan,18,18,269.2832,
Saskatchewan,19,19,269.6219,
Saskatchewan,20,20,270.7961,
Saskatchewan,21,21,280.9485,
Saskatchewan,22,22,282.6797,
Saskatchewan,23,23,270.7401,
Saskatchewan,24,24,273.2997,
Saskatchewan,25,25,271.9019,
Saskatchewan,26,26,269.2784,
Saskatchewan,27,27,268.865,
Saskatchewan,28,28,269.4806,
Saskatchewan,29,29,270.5634,
Saskatchewan,30,30,269.6439,
Saskatchewan,31,31,269.5648,
Saskatchewan,32,32,269.9631,
Saskatchewan,33,33,276.8148,
Saskatchewan,34,34,282.0444,
Saskatchewan,35,35,269.8828,
Saskatchewan,36,36,269.2265,
Saskatchewan,37,37,269.3524,
Saskatchewan,38,38,268.8763,
Saskatchewan,39,39,269.1729,
Saskatchewan,40,40,286.7131,
Saskatchewan,41,41,275.6607,
Saskatchewan,42,42,281.2694,
Saskatchewan,43,43,282.506,
Saskatchewan,44,44,270.6845,
Saskatchewan,45,45,271.1552,
Saskatchewan,46,46,271.2643,
Saskatchewan,47,47,273.0321,
Saskatchewan,48,48,275.7442,
Saskatchewan,49,49,276.5829,
Saskatchewan,50,50,270.807,
Saskatchewan,51,51,280.2227,
Saskatchewan,52,52,281.6812,
Saskatchewan,53,53,273.359,
Saskatchewan,54,54,282.9453,
Saskatchewan,55,55,273.1291,
Saskatchewan,56,56,269.5,
Saskatchewan,57,57,279.4383,
Saskatchewan,58,58,286.8211,
Saskatchewan,59,59,269.5923,
Saskatchewan,60,60,269.2516,
Saskatchewan,61,61,269.0362,
Saskatchewan,62,62,269.2701,
Saskatchewan,63,63,269.1462,
Saskatchewan,64,64,268.8546,
Saskatchewan,65,65,271.1282,
Saskatchewan,66,66,268.2967,
Saskatchewan,67,67,268.3446,
Saskatchewan,68,68,267.7668,
Saskatchewan,69,69,268.2088,
Saskatchewan,70,70,268.8733,
Saskatchewan,71,71,268.9646,
